[
  {
    "name": "Global",
    "settings": [
      {
        "type": "heading",
        "content": "BackgroundAndLines"
      },
      {
        "type": "color",
        "label": "BannerBackground",
        "id": "color-primary"
      },
      {
        "type": "color",
        "label": "PageBackground",
        "id": "body-bg"
      },
      {
        "type": "color",
        "label": "CommonDarkBackground",
        "id": "container-fill-dark"
      },
      {
        "type": "color",
        "label": "ModalOverlayBackground",
        "id": "overlay-backgroundColor"
      },
      {
        "type": "color",
        "label": "AlertPopupBoxBackground",
        "id": "alert-backgroundColor"
      },
      {
        "type": "color",
        "label": "AlertPopupTextColor",
        "id": "alert-color"
      },
      {
        "type": "color",
        "label": "HorizontalLine",
        "id": "container-border-global-color-base"
      },
      {
        "type": "heading",
        "content": "BodyTextAndLinks"
      },
      {
        "type": "font",
        "label": "BodyTextFontFamily",
        "id": "body-font",
        "options": [
          {
            "group": "Josefin Sans",
            "label": "Josefin Sans",
            "value": "Google_Josefin+Sans_400"
          },
          {
            "group": "Karla",
            "label": "Karla",
            "value": "Google_Karla_400"
          },
          {
            "group": "Roboto",
            "label": "Roboto",
            "value": "Google_Roboto_400"
          },
          {
            "group": "SourceSansPro",
            "label": "SourceSansPro",
            "value": "Google_Source+Sans+Pro_400"
          }
        ]
      },
      {
        "type": "select",
        "label": "BodyTextFontSize",
        "id": "fontSize-root",
        "options": [
          {
            "value": 12,
            "label": "12px"
          },
          {
            "value": 13,
            "label": "13px"
          },
          {
            "value": 14,
            "label": "14px"
          },
          {
            "value": 16,
            "label": "16px"
          },
          {
            "value": 18,
            "label": "18px"
          }
        ]
      },
      {
        "type": "color",
        "label": "BodyTextColor",
        "id": "color-textBase"
      },
      {
        "type": "color",
        "label": "BodyTextHoverColor",
        "id": "color-textBase--hover"
      },
      {
        "type": "color",
        "label": "SecondaryTextColor",
        "id": "color-textSecondary"
      },
      {
        "type": "color",
        "label": "SecondaryTextHoverColor",
        "id": "color-textSecondary--hover"
      },
      {
        "type": "color",
        "label": "LinkColor",
        "id": "color-textLink"
      },
      {
        "type": "color",
        "label": "LinkHoverColor",
        "id": "color-textLink--hover"
      },
      {
        "type": "color",
        "label": "LinkActiveColor",
        "id": "color-textLink--active"
      },
      {
        "type": "heading",
        "content": "Headings"
      },
      {
        "type": "font",
        "label": "HeadingFontFamily",
        "id": "headings-font",
        "options": [
          {
            "group": "Montserrat",
            "label": "MontserratLight",
            "value": "Google_Montserrat_400"
          },
          {
            "group": "OpenSans",
            "label": "OpenSans",
            "value": "Google_Open+Sans_400"
          },
          {
            "group": "OpenSans",
            "label": "OpenSansBold",
            "value": "Google_Open+Sans_700"
          },
          {
            "group": "Roboto",
            "label": "Roboto",
            "value": "Google_Roboto_400"
          },
          {
            "group": "Volkhov",
            "label": "Volkhov",
            "value": "Google_Volkhov_400"
          }
        ]
      },
      {
        "type": "select",
        "label": "Heading1",
        "id": "fontSize-h1",
        "options": [
          {
            "value": 24,
            "label": "24px"
          },
          {
            "value": 26,
            "label": "26px"
          },
          {
            "value": 28,
            "label": "28px"
          },
          {
            "value": 32,
            "label": "32px"
          },
          {
            "value": 36,
            "label": "36px"
          }
        ]
      },
      {
        "type": "select",
        "label": "Heading2",
        "id": "fontSize-h2",
        "options": [
          {
            "value": 21,
            "label": "21px"
          },
          {
            "value": 23,
            "label": "23px"
          },
          {
            "value": 25,
            "label": "25px"
          },
          {
            "value": 29,
            "label": "29px"
          },
          {
            "value": 33,
            "label": "33px"
          }
        ]
      },
      {
        "type": "select",
        "label": "Heading3",
        "id": "fontSize-h3",
        "options": [
          {
            "value": 18,
            "label": "18px"
          },
          {
            "value": 20,
            "label": "20px"
          },
          {
            "value": 22,
            "label": "22px"
          },
          {
            "value": 26,
            "label": "26px"
          },
          {
            "value": 30,
            "label": "30px"
          }
        ]
      },
      {
        "type": "select",
        "label": "Heading4",
        "id": "fontSize-h4",
        "options": [
          {
            "value": 16,
            "label": "16px"
          },
          {
            "value": 18,
            "label": "18px"
          },
          {
            "value": 20,
            "label": "20px"
          },
          {
            "value": 24,
            "label": "24px"
          },
          {
            "value": 28,
            "label": "28px"
          }
        ]
      },
      {
        "type": "select",
        "label": "Heading5",
        "id": "fontSize-h5",
        "options": [
          {
            "value": 11,
            "label": "11px"
          },
          {
            "value": 13,
            "label": "13px"
          },
          {
            "value": 15,
            "label": "15px"
          },
          {
            "value": 19,
            "label": "19px"
          },
          {
            "value": 23,
            "label": "23px"
          }
        ]
      },
      {
        "type": "select",
        "label": "Heading6",
        "id": "fontSize-h6",
        "options": [
          {
            "value": 9,
            "label": "9px"
          },
          {
            "value": 11,
            "label": "11px"
          },
          {
            "value": 13,
            "label": "13px"
          },
          {
            "value": 17,
            "label": "17px"
          },
          {
            "value": 21,
            "label": "21px"
          }
        ]
      },
      {
        "type": "color",
        "label": "HeadingTextColor",
        "id": "color-textHeading"
      },
      {
        "type": "heading",
        "content": "LoadingIndicators"
      },
      {
        "type": "color",
        "label": "PageLoadingBar",
        "id": "pace-progress-backgroundColor"
      },
      {
        "type": "color",
        "label": "SpinnerLightHalf",
        "id": "spinner-borderColor-light"
      },
      {
        "type": "color",
        "label": "SpinnerDarkHalf",
        "id": "spinner-borderColor-dark"
      },
      {
        "type": "color",
        "label": "ModalLoadingBackground",
        "id": "loadingOverlay-backgroundColor"
      },
      {
        "type": "color",
        "label": "ProductThumbnailLoadingBackground",
        "id": "container-fill-base"
      },
      {
        "type": "heading",
        "content": "ImageLoading"
      },
      {
        "type": "paragraph",
        "content": "CornerstoneDoesntLoadMostImages"
      },
      {
        "type": "select",
        "id": "lazyload_mode",
        "force_reload": true,
        "label": "LazyloadingMode",
        "options": [
          {
            "value": "lazyload",
            "label": "Lazyload"
          },
          {
            "value": "lazyload+lqip",
            "label": "LazyloadWithLQIP"
          },
          {
            "value": "disabled",
            "label": "Disabled"
          }
        ]
      },
      {
        "type": "heading",
        "content": "Pages"
      },
      {
        "type": "checkbox",
        "label": "HideBreadcrumbs",
        "force_reload": true,
        "id": "hide_breadcrumbs"
      },
      {
        "type": "checkbox",
        "label": "HidePageHeading",
        "force_reload": true,
        "id": "hide_page_heading"
      },
      {
        "type": "checkbox",
        "label": "HideCategoryPageHeading",
        "force_reload": true,
        "id": "hide_category_page_heading"
      },
      {
        "type": "checkbox",
        "label": "HideBlogPageHeading",
        "force_reload": true,
        "id": "hide_blog_page_heading"
      },
      {
        "type": "checkbox",
        "label": "HideContactUsPageHeading",
        "force_reload": true,
        "id": "hide_contact_us_page_heading"
      },
      {
        "type": "heading",
        "content": "Products"
      },
      {
        "type": "select",
        "id": "product_list_display_mode",
        "force_reload": true,
        "label": "DisplayStyle",
        "options": [
          {
            "value": "grid",
            "label": "ShowProductsInAGrid"
          },
          {
            "value": "list",
            "label": "ShowProductsInAList"
          }
        ]
      },
      {
        "type": "heading",
        "content": "Blog"
      },
      {
        "type": "imageDimension",
        "id": "blog_size",
        "force_reload": true,
        "label": "SizeOfImages",
        "options": [
          {
            "value": "190x250",
            "label": "OptimizedForTheme"
          },
          {
            "value": "custom",
            "label": "SpecifyDimensions"
          }
        ]
      },
      {
        "type": "heading",
        "content": "Pricing"
      },
      {
        "type": "checkbox",
        "label": "ShowPriceRangesForProducts",
        "force_reload": true,
        "id": "price_ranges"
      },
      {
        "type": "heading",
        "content": "PurchaseOptions"
      },
      {
        "type": "heading",
        "content": "FormInputFields"
      },
      {
        "type": "color",
        "label": "LabelTextColor",
        "id": "form-label-font-color"
      },
      {
        "type": "color",
        "label": "FieldTextColor",
        "id": "input-font-color"
      },
      {
        "type": "color",
        "label": "FieldBackground",
        "id": "input-bg-color"
      },
      {
        "type": "color",
        "label": "FieldBackgroundDisabled",
        "id": "input-disabled-bg"
      },
      {
        "type": "color",
        "label": "FieldBorder",
        "id": "input-border-color"
      },
      {
        "type": "color",
        "label": "FieldBorderActive",
        "id": "input-border-color-active"
      }
    ]
  },
  {
    "name": "HeaderAndFooter",
    "settings": [
      {
        "type": "heading",
        "content": "Header"
      },
      {
        "type": "color",
        "label": "HeaderBackground",
        "id": "header-backgroundColor"
      },
      {
        "type": "heading",
        "content": "Logo"
      },
      {
        "type": "select",
        "label": "LogoPosition",
        "id": "logo-position",
        "force_reload": true,
        "options": [
          {
            "value": "right",
            "label": "Right"
          },
          {
            "value": "center",
            "label": "Center"
          },
          {
            "value": "left",
            "label": "Left"
          }
        ]
      },
      {
        "type": "imageDimension",
        "label": "LogoImageSize",
        "id": "logo_size",
        "description": "Please specify a maximum image size for desktop display. We'll automatically scale down the image for smaller devices.",
        "force_reload": true,
        "options": [
          {
            "value": "250x100",
            "label": "OptimizedForTheme"
          },
          {
            "value": "original",
            "label": "OriginalAsUploaded"
          },
          {
            "value": "custom",
            "label": "SpecifyDimensions"
          }
        ]
      },
      {
        "type": "select",
        "label": "LogoFontSize",
        "id": "logo_fontSize",
        "options": [
          {
            "value": 14,
            "label": "14px"
          },
          {
            "value": 16,
            "label": "16px"
          },
          {
            "value": 18,
            "label": "18px"
          },
          {
            "value": 20,
            "label": "20px"
          },
          {
            "value": 22,
            "label": "22px"
          },
          {
            "value": 24,
            "label": "24px"
          },
          {
            "value": 26,
            "label": "26px"
          },
          {
            "value": 28,
            "label": "28px"
          },
          {
            "value": 30,
            "label": "30px"
          },
          {
            "value": 32,
            "label": "32px"
          },
          {
            "value": 34,
            "label": "34px"
          },
          {
            "value": 36,
            "label": "36px"
          },
          {
            "value": 38,
            "label": "38px"
          },
          {
            "value": 40,
            "label": "40px"
          },
          {
            "value": 42,
            "label": "42px"
          },
          {
            "value": 44,
            "label": "44px"
          },
          {
            "value": 46,
            "label": "46px"
          },
          {
            "value": 48,
            "label": "48px"
          },
          {
            "value": 50,
            "label": "50px"
          },
          {
            "value": 52,
            "label": "52px"
          },
          {
            "value": 54,
            "label": "54px"
          },
          {
            "value": 56,
            "label": "56px"
          },
          {
            "value": 58,
            "label": "58px"
          },
          {
            "value": 60,
            "label": "60px"
          },
          {
            "value": 62,
            "label": "62px"
          },
          {
            "value": 64,
            "label": "64px"
          },
          {
            "value": 66,
            "label": "66px"
          },
          {
            "value": 68,
            "label": "68px"
          },
          {
            "value": 70,
            "label": "70px"
          },
          {
            "value": 72,
            "label": "72px"
          },
          {
            "value": 74,
            "label": "74px"
          }
        ]
      },
      {
        "type": "color",
        "label": "LogoTextColor",
        "id": "storeName-color"
      },
      {
        "type": "heading",
        "content": "UtilityNavigation"
      },
      {
        "type": "color",
        "label": "TextColor",
        "id": "navUser-color"
      },
      {
        "type": "color",
        "label": "TextHoverColor",
        "id": "navUser-color-hover"
      },
      {
        "type": "color",
        "label": "CartDropdownBackground",
        "id": "navUser-dropdown-backgroundColor"
      },
      {
        "type": "color",
        "label": "CartDropdownBorder",
        "id": "navUser-dropdown-borderColor"
      },
      {
        "type": "color",
        "label": "CartCounterBackground",
        "id": "navUser-indicator-backgroundColor"
      },
      {
        "type": "heading",
        "content": "MainNavigation"
      },
      {
        "type": "checkbox",
        "label": "HideLinksToWebPages",
        "force_reload": true,
        "id": "hide_content_navigation"
      },
      {
        "type": "color",
        "label": "TextColor",
        "id": "navPages-color"
      },
      {
        "type": "color",
        "label": "TextHoverColor",
        "id": "navPages-color-hover"
      },
      {
        "type": "color",
        "label": "DropdownMenuBackground",
        "id": "navPages-subMenu-backgroundColor"
      },
      {
        "type": "color",
        "label": "DropdownMenuBorder",
        "id": "navPages-subMenu-separatorColor"
      },
      {
        "type": "select",
        "label": "DropdownMenuDisplayMode",
        "id": "navigation_design",
        "force_reload": true,
        "options": [
          {
            "value": "simple",
            "label": "SimpleMenuDisplayDepthOf"
          },
          {
            "value": "alternate",
            "label": "AlternateMaxMenuDisplayDepth"
          }
        ]
      },
      {
        "type": "color",
        "label": "QuickSearchBackground",
        "id": "dropdown--quickSearch-backgroundColor"
      },
      {
        "type": "heading",
        "content": "SocialMediaIcons"
      },
      {
        "type": "paragraph",
        "content": "SocialAccountsMustBeSet"
      },
      {
        "type": "checkbox",
        "label": "ShowSocialMediaIcons",
        "force_reload": true,
        "id": "social_icon_placement_top"
      },
      {
        "type": "select",
        "label": "FooterPlacement",
        "id": "social_icon_placement_bottom",
        "force_reload": true,
        "reference": "social_icon_placement_top",
        "reference_default": false,
        "options": [
          {
            "value": "bottom_none",
            "label": "None"
          },
          {
            "value": "bottom_right",
            "label": "Right"
          },
          {
            "value": "bottom_left",
            "label": "Left"
          }
        ]
      },
      {
        "type": "heading",
        "content": "Footer"
      },
      {
        "type": "color",
        "label": "FooterBackground",
        "id": "footer-backgroundColor"
      },
      {
        "type": "heading",
        "content": "DisplaySettings"
      },
      {
        "type": "checkbox",
        "label": "ShowPoweredByBigCommerce",
        "force_reload": true,
        "id": "show_powered_by"
      },
      {
        "type": "checkbox",
        "label": "ShowBrandsInFooter",
        "force_reload": true,
        "id": "shop_by_brand_show_footer"
      },
      {
        "type": "checkbox",
        "label": "ShowCurrentYearAnd",
        "force_reload": true,
        "id": "show_copyright_footer"
      },
      {
        "type": "heading",
        "content": "PaymentIcons"
      },
      {
        "type": "checkbox",
        "label": "ShowAmericanExpress",
        "force_reload": true,
        "id": "show_accept_amex"
      },
      {
        "type": "checkbox",
        "label": "ShowDiscover",
        "force_reload": true,
        "id": "show_accept_discover"
      },
      {
        "type": "checkbox",
        "label": "ShowMastercard",
        "force_reload": true,
        "id": "show_accept_mastercard"
      },
      {
        "type": "checkbox",
        "label": "ShowPayPal",
        "force_reload": true,
        "id": "show_accept_paypal"
      },
      {
        "type": "checkbox",
        "label": "ShowVisa",
        "force_reload": true,
        "id": "show_accept_visa"
      },
      {
        "type": "checkbox",
        "label": "ShowAmazonPay",
        "force_reload": true,
        "id": "show_accept_amazonpay"
      },
      {
        "type": "checkbox",
        "label": "ShowGooglePay",
        "force_reload": true,
        "id": "show_accept_googlepay"
      },
      {
        "type": "checkbox",
        "label": "ShowKlarna",
        "force_reload": true,
        "id": "show_accept_klarna"
      }
    ]
  },
  {
    "name": "HomePage",
    "settings": [
      {
        "type": "heading",
        "content": "Carousel"
      },
      {
        "type": "checkbox",
        "label": "ShowCarousel",
        "force_reload": true,
        "id": "homepage_show_carousel"
      },
      {
        "type": "checkbox",
        "label": "ShowCarouselArrows",
        "force_reload": true,
        "id": "homepage_show_carousel_arrows"
      },
      {
        "type": "checkbox",
        "label": "ShowCarouselPlayPauseButton",
        "force_reload": true,
        "id": "homepage_show_carousel_play_pause_button"
      },
      {
        "type": "checkbox",
        "label": "AllowImageToStretchOn",
        "force_reload": true,
        "id": "homepage_stretch_carousel_images"
      },
      {
        "type": "color",
        "label": "ContentBackground",
        "id": "carousel-bgColor"
      },
      {
        "type": "color",
        "label": "HeaderText",
        "id": "carousel-title-color"
      },
      {
        "type": "color",
        "label": "DescriptionText",
        "id": "carousel-description-color"
      },
      {
        "type": "color",
        "label": "Indicator",
        "id": "carousel-dot-color"
      },
      {
        "type": "color",
        "label": "IndicatorActive",
        "id": "carousel-dot-color-active"
      },
      {
        "type": "color",
        "label": "IndicatorBackground",
        "id": "carousel-dot-bgColor"
      },
      {
        "type": "color",
        "label": "Arrow",
        "id": "carousel-arrow-color"
      },
      {
        "type": "color",
        "label": "ArrowBackground",
        "id": "carousel-arrow-bgColor"
      },
      {
        "type": "color",
        "label": "ArrowBorder",
        "id": "carousel-arrow-borderColor"
      },
      {
        "type": "color",
        "label": "PlayPauseButtonText",
        "id": "carousel-play-pause-button-textColor"
      },
      {
        "type": "color",
        "label": "PlayPauseButtonBackground",
        "id": "carousel-play-pause-button-bgColor"
      },
      {
        "type": "color",
        "label": "PlayPauseButtonBorder",
        "id": "carousel-play-pause-button-borderColor"
      },
      {
        "type": "heading",
        "content": "Products"
      },
      {
        "type": "select",
        "label": "NumberOfFeaturedProducts",
        "id": "homepage_featured_products_count",
        "force_reload": true,
        "options": [
          {
            "value": 0,
            "label": "Disable"
          },
          {
            "value": 1,
            "label": "1"
          },
          {
            "value": 2,
            "label": "2"
          },
          {
            "value": 3,
            "label": "3"
          },
          {
            "value": 4,
            "label": "4"
          },
          {
            "value": 5,
            "label": "5"
          },
          {
            "value": 6,
            "label": "6"
          },
          {
            "value": 7,
            "label": "7"
          },
          {
            "value": 8,
            "label": "8"
          },
          {
            "value": 9,
            "label": "9"
          },
          {
            "value": 10,
            "label": "10"
          },
          {
            "value": 11,
            "label": "11"
          },
          {
            "value": 12,
            "label": "12"
          }
        ]
      },
      {
        "type": "select",
        "label": "NumberOfMostPopularProducts",
        "id": "homepage_top_products_count",
        "force_reload": true,
        "options": [
          {
            "value": 0,
            "label": "Disable"
          },
          {
            "value": 1,
            "label": "1"
          },
          {
            "value": 2,
            "label": "2"
          },
          {
            "value": 3,
            "label": "3"
          },
          {
            "value": 4,
            "label": "4"
          },
          {
            "value": 5,
            "label": "5"
          },
          {
            "value": 6,
            "label": "6"
          },
          {
            "value": 7,
            "label": "7"
          },
          {
            "value": 8,
            "label": "8"
          },
          {
            "value": 9,
            "label": "9"
          },
          {
            "value": 10,
            "label": "10"
          },
          {
            "value": 11,
            "label": "11"
          },
          {
            "value": 12,
            "label": "12"
          }
        ]
      },
      {
        "type": "select",
        "label": "NumberOfNewProducts",
        "id": "homepage_new_products_count",
        "force_reload": true,
        "options": [
          {
            "value": 0,
            "label": "Disable"
          },
          {
            "value": 1,
            "label": "1"
          },
          {
            "value": 2,
            "label": "2"
          },
          {
            "value": 3,
            "label": "3"
          },
          {
            "value": 4,
            "label": "4"
          },
          {
            "value": 5,
            "label": "5"
          },
          {
            "value": 6,
            "label": "6"
          },
          {
            "value": 7,
            "label": "7"
          },
          {
            "value": 8,
            "label": "8"
          },
          {
            "value": 9,
            "label": "9"
          },
          {
            "value": 10,
            "label": "10"
          },
          {
            "value": 11,
            "label": "11"
          },
          {
            "value": 12,
            "label": "12"
          }
        ]
      }
    ]
  },
  {
    "name": "Products",
    "settings": [
      {
        "type": "heading",
        "content": "ProductSaleBadges"
      },
      {
        "type": "select",
        "label": "ShowProductSaleBadges",
        "id": "product_sale_badges",
        "force_reload": true,
        "options": [
          {
            "value": "none",
            "label": "None"
          },
          {
            "value": "topleft",
            "label": "TopLeft"
          },
          {
            "value": "sash",
            "label": "Diagonal"
          },
          {
            "value": "burst",
            "label": "Burst"
          }
        ]
      },
      {
        "type": "text",
        "label": "ProductSaleBadgeLabel",
        "force_reload": true,
        "id": "pdp_sale_badge_label",
        "reference": "product_sale_badges",
        "reference_default": "none"
      },
      {
        "type": "text",
        "label": "ProductPriceLabelSale",
        "force_reload": true,
        "id": "pdp-sale-price-label",
        "reference": "product_sale_badges",
        "reference_default": "none"
      },
      {
        "type": "text",
        "label": "ProductPriceLabelBeforeSale",
        "force_reload": true,
        "id": "pdp-non-sale-price-label",
        "reference": "product_sale_badges",
        "reference_default": "none"
      },
      {
        "type": "text",
        "label": "ProductPriceLabelRetail",
        "force_reload": true,
        "id": "pdp-retail-price-label",
        "reference": "product_sale_badges",
        "reference_default": "none"
      },
      {
        "type": "text",
        "label": "ProductPriceLabel",
        "force_reload": true,
        "id": "pdp-price-label",
        "reference": "product_sale_badges",
        "reference_default": "none"
      },
      {
        "type": "paragraph",
        "content": "TheProductPriceLabel",
        "reference": "product_sale_badges",
        "reference_default": "none"
      },
      {
        "type": "color",
        "label": "BadgeTextColor",
        "id": "color_text_product_sale_badges",
        "reference": "product_sale_badges",
        "reference_default": "none"
      },
      {
        "type": "color",
        "label": "BadgeColor",
        "id": "color_badge_product_sale_badges",
        "reference": "product_sale_badges",
        "reference_default": "none"
      },
      {
        "type": "color",
        "label": "BadgeHoverColor",
        "id": "color_hover_product_sale_badges",
        "reference": "product_sale_badges",
        "reference_default": "none"
      },
      {
        "type": "paragraph",
        "content": "ForTextureSwatchesMaxDimensions",
        "reference": "product_sale_badges",
        "reference_default": "none"
      },
      {
        "type": "select",
        "label": "ShowProductSoldOutBadges",
        "id": "product_sold_out_badges",
        "force_reload": true,
        "options": [
          {
            "value": "none",
            "label": "None"
          },
          {
            "value": "topleft",
            "label": "TopLeft"
          },
          {
            "value": "sash",
            "label": "Diagonal"
          },
          {
            "value": "burst",
            "label": "Burst"
          }
        ]
      },
      {
        "type": "text",
        "label": "ProductSoldOutBadgeLabel",
        "force_reload": true,
        "id": "pdp_sold_out_label",
        "reference": "product_sold_out_badges",
        "reference_default": "none"
      },
      {
        "type": "color",
        "label": "BadgeTextColor",
        "id": "color_text_product_sold_out_badges",
        "reference": "product_sold_out_badges",
        "reference_default": "none"
      },
      {
        "type": "color",
        "label": "BadgeColor",
        "id": "color_badge_product_sold_out_badges",
        "reference": "product_sold_out_badges",
        "reference_default": "none"
      },
      {
        "type": "color",
        "label": "BadgeHoverColor",
        "id": "color_hover_product_sold_out_badges",
        "reference": "product_sold_out_badges",
        "reference_default": "none"
      },
      {
        "type": "heading",
        "content": "DisplaySettings"
      },
      {
        "type": "checkbox",
        "label": "ShowQuickviewButtonOnProduct",
        "force_reload": true,
        "id": "show_product_quick_view"
      },
      {
        "type": "checkbox",
        "label": "ShowProductDescriptionTabs",
        "force_reload": true,
        "id": "show_product_details_tabs"
      },
      {
        "type": "checkbox",
        "label": "ProductCustomFieldsInTabs",
        "force_reload": true,
        "id": "show_custom_fields_tabs"
      },
      {
        "type": "text",
        "label": "ProductCustomFieldsTabLabel",
        "force_reload": true,
        "reference": "show_custom_fields_tabs",
        "reference_default": false,
        "id": "pdp-custom-fields-tab-label"
      },
      {
        "type": "checkbox",
        "label": "ShowProductWeight",
        "force_reload": true,
        "id": "show_product_weight"
      },
      {
        "type": "checkbox",
        "label": "ShowProductDimensions",
        "force_reload": true,
        "id": "show_product_dimensions"
      },
      {
        "type": "checkbox",
        "label": "ShowProductSwatchNames",
        "force_reload": true,
        "id": "show_product_swatch_names"
      },
      {
        "type": "checkbox",
        "label": "ShowShopByPriceIn",
        "force_reload": true,
        "id": "shop_by_price_visibility"
      },
      {
        "type": "checkbox",
        "label": "ShowProductReviews",
        "force_reload": true,
        "id": "show_product_reviews"
      },
      {
        "type": "select",
        "label": "NumberOfProductReviews",
        "id": "productpage_reviews_count",
        "reference": "show_product_reviews",
        "reference_default": false,
        "force_reload": true,
        "options": [
          {
            "value": 1,
            "label": "1"
          },
          {
            "value": 2,
            "label": "2"
          },
          {
            "value": 3,
            "label": "3"
          },
          {
            "value": 4,
            "label": "4"
          },
          {
            "value": 5,
            "label": "5"
          },
          {
            "value": 6,
            "label": "6"
          },
          {
            "value": 7,
            "label": "7"
          },
          {
            "value": 8,
            "label": "8"
          },
          {
            "value": 9,
            "label": "9"
          },
          {
            "value": 10,
            "label": "10"
          },
          {
            "value": 11,
            "label": "11"
          },
          {
            "value": 12,
            "label": "12"
          }
        ]
      },
      {
        "type": "color",
        "label": "WishlistDropdownBackground",
        "id": "dropdown--wishList-backgroundColor"
      },
      {
        "type": "checkbox",
        "label": "ShowQuickPaymentButtons",
        "force_reload": true,
        "id": "show_quick_payment_buttons"
      },
      {
        "type": "heading",
        "content": "NumberOfProductsDisplayed"
      },
      {
        "type": "select",
        "label": "CategoryPage",
        "id": "categorypage_products_per_page",
        "force_reload": true,
        "options": [
          {
            "value": 6,
            "label": "6"
          },
          {
            "value": 8,
            "label": "8"
          },
          {
            "value": 9,
            "label": "9"
          },
          {
            "value": 12,
            "label": "12"
          },
          {
            "value": 15,
            "label": "15"
          },
          {
            "value": 16,
            "label": "16"
          },
          {
            "value": 18,
            "label": "18"
          },
          {
            "value": 20,
            "label": "20"
          }
        ]
      },
      {
        "type": "select",
        "label": "BrandPage",
        "id": "brandpage_products_per_page",
        "force_reload": true,
        "options": [
          {
            "value": 6,
            "label": "6"
          },
          {
            "value": 8,
            "label": "8"
          },
          {
            "value": 9,
            "label": "9"
          },
          {
            "value": 12,
            "label": "12"
          },
          {
            "value": 15,
            "label": "15"
          },
          {
            "value": 16,
            "label": "16"
          },
          {
            "value": 18,
            "label": "18"
          },
          {
            "value": 20,
            "label": "20"
          }
        ]
      },
      {
        "type": "select",
        "label": "SearchResultPage",
        "id": "searchpage_products_per_page",
        "force_reload": true,
        "options": [
          {
            "value": 6,
            "label": "6"
          },
          {
            "value": 8,
            "label": "8"
          },
          {
            "value": 9,
            "label": "9"
          },
          {
            "value": 12,
            "label": "12"
          },
          {
            "value": 15,
            "label": "15"
          },
          {
            "value": 16,
            "label": "16"
          },
          {
            "value": 18,
            "label": "18"
          },
          {
            "value": 20,
            "label": "20"
          }
        ]
      },
      {
        "type": "select",
        "label": "ProductPageRelatedProducts",
        "id": "productpage_related_products_count",
        "force_reload": true,
        "options": [
          {
            "value": 0,
            "label": "Disable"
          },
          {
            "value": 1,
            "label": "1"
          },
          {
            "value": 2,
            "label": "2"
          },
          {
            "value": 3,
            "label": "3"
          },
          {
            "value": 4,
            "label": "4"
          },
          {
            "value": 5,
            "label": "5"
          },
          {
            "value": 6,
            "label": "6"
          },
          {
            "value": 7,
            "label": "7"
          },
          {
            "value": 8,
            "label": "8"
          },
          {
            "value": 9,
            "label": "9"
          },
          {
            "value": 10,
            "label": "10"
          },
          {
            "value": 11,
            "label": "11"
          },
          {
            "value": 12,
            "label": "12"
          }
        ]
      },
      {
        "type": "select",
        "label": "ProductPageCustomersAlsoViewed",
        "id": "productpage_similar_by_views_count",
        "force_reload": true,
        "options": [
          {
            "value": 0,
            "label": "Disable"
          },
          {
            "value": 1,
            "label": "1"
          },
          {
            "value": 2,
            "label": "2"
          },
          {
            "value": 3,
            "label": "3"
          },
          {
            "value": 4,
            "label": "4"
          },
          {
            "value": 5,
            "label": "5"
          },
          {
            "value": 6,
            "label": "6"
          },
          {
            "value": 7,
            "label": "7"
          },
          {
            "value": 8,
            "label": "8"
          },
          {
            "value": 9,
            "label": "9"
          },
          {
            "value": 10,
            "label": "10"
          },
          {
            "value": 11,
            "label": "11"
          },
          {
            "value": 12,
            "label": "12"
          }
        ]
      },
      {
        "type": "heading",
        "content": "ProductCards"
      },
      {
        "type": "color",
        "label": "ProductHeaderTextColor",
        "id": "card-title-color"
      },
      {
        "type": "color",
        "label": "ProductHeaderTextHoverColor",
        "id": "card-title-color-hover"
      },
      {
        "type": "color",
        "label": "ButtonTextColor",
        "id": "card-figcaption-button-color"
      },
      {
        "type": "color",
        "label": "ButtonBackground",
        "id": "card-figcaption-button-background"
      },
      {
        "type": "heading",
        "content": "ProductCardsQuickSearch"
      },
      {
        "type": "color",
        "label": "BackgroundColor",
        "id": "card--alternate-backgroundColor"
      },
      {
        "type": "color",
        "label": "BorderColor",
        "id": "card--alternate-borderColor"
      },
      {
        "type": "color",
        "label": "TextHoverColor",
        "id": "card--alternate-color--hover"
      },
      {
        "type": "heading",
        "content": "ImageSizes"
      },
      {
        "type": "paragraph",
        "content": "PleaseSpecifyAMaximumImage"
      },
      {
        "type": "imageDimension",
        "label": "MainProductImages",
        "id": "product_size",
        "force_reload": true,
        "options": [
          {
            "value": "500x659",
            "label": "OptimizedForTheme"
          },
          {
            "value": "custom",
            "label": "SpecifyDimensions"
          }
        ]
      },
      {
        "type": "imageDimension",
        "label": "ThumbnailImageInProductPage",
        "id": "productview_thumb_size",
        "force_reload": true,
        "options": [
          {
            "value": "50x50",
            "label": "OptimizedForTheme"
          },
          {
            "value": "custom",
            "label": "SpecifyDimensions"
          }
        ]
      },
      {
        "type": "imageDimension",
        "label": "ThumbnailImageInCartAnd",
        "id": "productthumb_size",
        "force_reload": true,
        "options": [
          {
            "value": "100x100",
            "label": "OptimizedForTheme"
          },
          {
            "value": "custom",
            "label": "SpecifyDimensions"
          }
        ]
      },
      {
        "type": "imageDimension",
        "label": "ZoomedImage",
        "id": "zoom_size",
        "force_reload": true,
        "options": [
          {
            "value": "1280x1280",
            "label": "OptimizedForTheme"
          },
          {
            "value": "custom",
            "label": "SpecifyDimensions"
          }
        ]
      },
      {
        "type": "imageDimension",
        "label": "ImageInGalleryView",
        "id": "productgallery_size",
        "force_reload": true,
        "options": [
          {
            "value": "500x659",
            "label": "OptimizedForTheme"
          },
          {
            "value": "custom",
            "label": "SpecifyDimensions"
          }
        ]
      },
      {
        "type": "imageDimension",
        "label": "BrandImageInGalleryView",
        "id": "brand_size",
        "force_reload": true,
        "options": [
          {
            "value": "190x250",
            "label": "OptimizedForTheme"
          },
          {
            "value": "custom",
            "label": "SpecifyDimensions"
          }
        ]
      },
      {
        "label": "ProductSwatchImages",
        "type": "imageDimension",
        "id": "swatch_option_size",
        "force_reload": true,
        "options": [
          {
            "value": "22x22",
            "label": "Standard"
          },
          {
            "value": "custom",
            "label": "SpecifyDimensions"
          }
        ]
      }
    ]
  },
  {
    "name": "ButtonsAndIcons",
    "settings": [
      {
        "type": "heading",
        "content": "PrimaryActionButton"
      },
      {
        "type": "color",
        "label": "ButtonTextColor",
        "id": "button--primary-color"
      },
      {
        "type": "color",
        "label": "ButtonTextHoverColor",
        "id": "button--primary-colorHover"
      },
      {
        "type": "color",
        "label": "ButtonTextActiveColor",
        "id": "button--primary-colorActive"
      },
      {
        "type": "color",
        "label": "ButtonBackground",
        "id": "button--primary-backgroundColor"
      },
      {
        "type": "color",
        "label": "ButtonBackgroundHover",
        "id": "button--primary-backgroundColorHover"
      },
      {
        "type": "color",
        "label": "ButtonBackgroundActive",
        "id": "button--primary-backgroundColorActive"
      },
      {
        "type": "heading",
        "content": "SecondaryActionButton"
      },
      {
        "type": "color",
        "label": "ButtonTextColor",
        "id": "button--default-color"
      },
      {
        "type": "color",
        "label": "ButtonTextHoverColor",
        "id": "button--default-colorHover"
      },
      {
        "type": "color",
        "label": "ButtonTextActiveColor",
        "id": "button--default-colorActive"
      },
      {
        "type": "color",
        "label": "ButtonBorder",
        "id": "button--default-borderColor"
      },
      {
        "type": "color",
        "label": "ButtonBorderHover",
        "id": "button--default-borderColorHover"
      },
      {
        "type": "color",
        "label": "ButtonBorderActive",
        "id": "button--default-borderColorActive"
      },
      {
        "type": "heading",
        "content": "TertiaryActionButton"
      },
      {
        "type": "color",
        "label": "ButtonBackground",
        "id": "select-bg-color"
      },
      {
        "type": "color",
        "label": "ButtonArrowIcon",
        "id": "select-arrow-color"
      },
      {
        "type": "heading",
        "content": "DisabledButton"
      },
      {
        "type": "color",
        "label": "ButtonTextColor",
        "id": "button--disabled-color"
      },
      {
        "type": "color",
        "label": "ButtonBackground",
        "id": "button--disabled-backgroundColor"
      },
      {
        "type": "color",
        "label": "ButtonBorder",
        "id": "button--disabled-borderColor"
      },
      {
        "type": "heading",
        "content": "Icons"
      },
      {
        "type": "color",
        "label": "SocialMediaIcon",
        "id": "icon-color"
      },
      {
        "type": "color",
        "label": "SocialMediaIconHover",
        "id": "icon-color-hover"
      },
      {
        "type": "color",
        "label": "StarReviewIconFull",
        "id": "icon-ratingFull"
      },
      {
        "type": "color",
        "label": "StarReviewIconEmpty",
        "id": "icon-ratingEmpty"
      },
      {
        "type": "color",
        "label": "IncreasedecreaseButtonIcon",
        "id": "button--icon-svg-color"
      },
      {
        "type": "heading",
        "content": "CheckboxesAndRadioButtons"
      },
      {
        "type": "color",
        "label": "CheckboxAndRadioIcon",
        "id": "checkRadio-color"
      },
      {
        "type": "color",
        "label": "ButtonBackground",
        "id": "checkRadio-backgroundColor"
      },
      {
        "type": "color",
        "label": "ButtonBorder",
        "id": "checkRadio-borderColor"
      }
    ]
  },
  {
    "name": "CheckoutPage",
    "enable": "ucoEnabled",
    "settings": [
      {
        "type": "heading",
        "content": "Header"
      },
      {
        "type": "checkbox",
        "label": "UseBackgroundImage",
        "id": "optimizedCheckout-show-backgroundImage"
      },
      {
        "type": "optimizedCheckout-image",
        "label": "1000X400pxRecommended",
        "reference": "optimizedCheckout-show-backgroundImage",
        "reference_default": false,
        "id": "optimizedCheckout-backgroundImage"
      },
      {
        "type": "imageDimension",
        "description": "Please specify a maximum image size for desktop display. We'll automatically scale down the image for smaller devices.",
        "label": "HeaderImageSize",
        "reference": "optimizedCheckout-backgroundImage",
        "reference_default": "",
        "id": "optimizedCheckout-backgroundImage-size",
        "options": [
          {
            "value": "1000x400",
            "label": "OptimizedForTheme"
          },
          {
            "value": "custom",
            "label": "SpecifyDimensions"
          }
        ]
      },
      {
        "type": "color",
        "label": "BackgroundColor",
        "id": "optimizedCheckout-header-backgroundColor"
      },
      {
        "type": "color",
        "label": "HeaderTextColor",
        "id": "optimizedCheckout-header-textColor"
      },
      {
        "type": "color",
        "label": "HeaderBorder",
        "id": "optimizedCheckout-header-borderColor"
      },
      {
        "type": "heading",
        "content": "Logo"
      },
      {
        "type": "select",
        "label": "LogoType",
        "id": "optimizedCheckout-show-logo",
        "options": [
          {
            "value": "none",
            "label": "Text"
          },
          {
            "value": "custom",
            "label": "Image"
          }
        ]
      },
      {
        "type": "optimizedCheckout-image",
        "label": "250X100pxRecommended",
        "reference": "optimizedCheckout-show-logo",
        "reference_default": "none",
        "force_reload": true,
        "id": "optimizedCheckout-logo"
      },
      {
        "type": "imageDimension",
        "description": "Please specify a maximum image size for desktop display. We'll automatically scale down the image for smaller devices.",
        "label": "",
        "reference": "optimizedCheckout-logo",
        "reference_default": "",
        "id": "optimizedCheckout-logo-size",
        "force_reload": true,
        "options": [
          {
            "value": "250x100",
            "label": "OptimizedForTheme"
          },
          {
            "value": "custom",
            "label": "SpecifyDimensions"
          }
        ]
      },
      {
        "type": "select",
        "label": "LogoPosition",
        "id": "optimizedCheckout-logo-position",
        "options": [
          {
            "value": "left",
            "label": "Left"
          },
          {
            "value": "center",
            "label": "Center"
          },
          {
            "value": "right",
            "label": "Right"
          }
        ]
      },
      {
        "type": "heading",
        "content": "DiscountBanner"
      },
      {
        "type": "color",
        "label": "BannerBackground",
        "id": "optimizedCheckout-discountBanner-backgroundColor"
      },
      {
        "type": "color",
        "label": "BannerTextColor",
        "id": "optimizedCheckout-discountBanner-textColor"
      },
      {
        "type": "color",
        "label": "BannerIcon",
        "id": "optimizedCheckout-discountBanner-iconColor"
      },
      {
        "type": "heading",
        "content": "OrderSummaryBox"
      },
      {
        "type": "color",
        "label": "BoxBackground",
        "id": "optimizedCheckout-orderSummary-backgroundColor"
      },
      {
        "type": "color",
        "label": "BoxBorder",
        "id": "optimizedCheckout-orderSummary-borderColor"
      },
      {
        "type": "heading",
        "content": "CheckoutSteps"
      },
      {
        "type": "color",
        "label": "IconBackground",
        "id": "optimizedCheckout-step-backgroundColor"
      },
      {
        "type": "color",
        "label": "IconBorder",
        "id": "optimizedCheckout-step-borderColor"
      },
      {
        "type": "color",
        "label": "IconTextColor",
        "id": "optimizedCheckout-step-textColor"
      },
      {
        "type": "heading",
        "content": "Headings"
      },
      {
        "type": "font",
        "label": "Heading1FontFamily",
        "id": "optimizedCheckout-headingPrimary-font",
        "options": [
          {
            "group": "OpenSans",
            "label": "OpenSans",
            "value": "Google_Open+Sans_400"
          },
          {
            "group": "OpenSans",
            "label": "OpenSansBold",
            "value": "Google_Open+Sans_700"
          },
          {
            "group": "Montserrat",
            "label": "MontserratLight",
            "value": "Google_Montserrat_400"
          },
          {
            "group": "Montserrat",
            "label": "MontserratBold",
            "value": "Google_Montserrat_700"
          },
          {
            "group": "Karla",
            "label": "Karla",
            "value": "Google_Karla_400"
          },
          {
            "group": "Roboto",
            "label": "Roboto",
            "value": "Google_Roboto_400"
          },
          {
            "group": "SourceSansPro",
            "label": "SourceSansPro",
            "value": "Google_Source+Sans+Pro_400"
          },
          {
            "group": "Volkhov",
            "label": "Volkhov",
            "value": "Google_Volkhov_400"
          }
        ]
      },
      {
        "type": "color",
        "label": "Heading1TextColor",
        "id": "optimizedCheckout-headingPrimary-color"
      },
      {
        "type": "font",
        "label": "Heading2FontFamily",
        "id": "optimizedCheckout-headingSecondary-font",
        "options": [
          {
            "group": "OpenSans",
            "label": "OpenSans",
            "value": "Google_Open+Sans_400"
          },
          {
            "group": "OpenSans",
            "label": "OpenSansBold",
            "value": "Google_Open+Sans_700"
          },
          {
            "group": "Montserrat",
            "label": "MontserratLight",
            "value": "Google_Montserrat_400"
          },
          {
            "group": "Montserrat",
            "label": "MontserratBold",
            "value": "Google_Montserrat_700"
          },
          {
            "group": "Karla",
            "label": "Karla",
            "value": "Google_Karla_400"
          },
          {
            "group": "Roboto",
            "label": "Roboto",
            "value": "Google_Roboto_400"
          },
          {
            "group": "SourceSansPro",
            "label": "SourceSansPro",
            "value": "Google_Source+Sans+Pro_400"
          },
          {
            "group": "Volkhov",
            "label": "Volkhov",
            "value": "Google_Volkhov_400"
          }
        ]
      },
      {
        "type": "color",
        "label": "Heading2TextColor",
        "id": "optimizedCheckout-headingSecondary-color"
      },
      {
        "type": "heading",
        "content": "Body"
      },
      {
        "type": "color",
        "label": "PageBackground",
        "id": "optimizedCheckout-body-backgroundColor"
      },
      {
        "type": "color",
        "label": "FocusColor",
        "id": "optimizedCheckout-colorFocus"
      },
      {
        "type": "heading",
        "content": "BodyTextAndLinks"
      },
      {
        "type": "font",
        "label": "BodyTextFontFamily",
        "id": "optimizedCheckout-contentPrimary-font",
        "options": [
          {
            "group": "OpenSans",
            "label": "OpenSans",
            "value": "Google_Open+Sans_400"
          },
          {
            "group": "OpenSans",
            "label": "OpenSansBold",
            "value": "Google_Open+Sans_700"
          },
          {
            "group": "Montserrat",
            "label": "MontserratLight",
            "value": "Google_Montserrat_400"
          },
          {
            "group": "Montserrat",
            "label": "Montserrat",
            "value": "Google_Montserrat_500"
          },
          {
            "group": "Karla",
            "label": "Karla",
            "value": "Google_Karla_400"
          },
          {
            "group": "Roboto",
            "label": "Roboto",
            "value": "Google_Roboto_400"
          },
          {
            "group": "SourceSansPro",
            "label": "SourceSansPro",
            "value": "Google_Source+Sans+Pro_400"
          },
          {
            "group": "Volkhov",
            "label": "Volkhov",
            "value": "Google_Volkhov_400"
          }
        ]
      },
      {
        "type": "color",
        "label": "BodyTextColor",
        "id": "optimizedCheckout-contentPrimary-color"
      },
      {
        "type": "font",
        "label": "SecondaryTextFontFamily",
        "id": "optimizedCheckout-contentSecondary-font",
        "options": [
          {
            "group": "OpenSans",
            "label": "OpenSans",
            "value": "Google_Open+Sans_400"
          },
          {
            "group": "OpenSans",
            "label": "OpenSansBold",
            "value": "Google_Open+Sans_700"
          },
          {
            "group": "Montserrat",
            "label": "MontserratLight",
            "value": "Google_Montserrat_400"
          },
          {
            "group": "Montserrat",
            "label": "Montserrat",
            "value": "Google_Montserrat_500"
          },
          {
            "group": "Karla",
            "label": "Karla",
            "value": "Google_Karla_400"
          },
          {
            "group": "Roboto",
            "label": "Roboto",
            "value": "Google_Roboto_400"
          },
          {
            "group": "SourceSansPro",
            "label": "SourceSansPro",
            "value": "Google_Source+Sans+Pro_400"
          },
          {
            "group": "Volkhov",
            "label": "Volkhov",
            "value": "Google_Volkhov_400"
          }
        ]
      },
      {
        "type": "color",
        "label": "SecondaryTextColor",
        "id": "optimizedCheckout-contentSecondary-color"
      },
      {
        "type": "font",
        "label": "LinkFontFamily",
        "id": "optimizedCheckout-link-font",
        "options": [
          {
            "group": "OpenSans",
            "label": "OpenSans",
            "value": "Google_Open+Sans_400"
          },
          {
            "group": "OpenSans",
            "label": "OpenSansBold",
            "value": "Google_Open+Sans_700"
          },
          {
            "group": "Montserrat",
            "label": "MontserratLight",
            "value": "Google_Montserrat_400"
          },
          {
            "group": "Montserrat",
            "label": "Montserrat",
            "value": "Google_Montserrat_500"
          },
          {
            "group": "Karla",
            "label": "Karla",
            "value": "Google_Karla_400"
          },
          {
            "group": "Roboto",
            "label": "Roboto",
            "value": "Google_Roboto_400"
          },
          {
            "group": "SourceSansPro",
            "label": "SourceSansPro",
            "value": "Google_Source+Sans+Pro_400"
          },
          {
            "group": "Volkhov",
            "label": "Volkhov",
            "value": "Google_Volkhov_400"
          }
        ]
      },
      {
        "type": "color",
        "label": "LinkColor",
        "id": "optimizedCheckout-link-color"
      },
      {
        "type": "color",
        "label": "LinkHoverColor",
        "id": "optimizedCheckout-link-hoverColor"
      },
      {
        "type": "heading",
        "content": "PrimaryActionButton"
      },
      {
        "type": "font",
        "label": "ButtonTextFontFamily",
        "id": "optimizedCheckout-buttonPrimary-font",
        "options": [
          {
            "group": "OpenSans",
            "label": "OpenSans",
            "value": "Google_Open+Sans_400"
          },
          {
            "group": "OpenSans",
            "label": "OpenSansBold",
            "value": "Google_Open+Sans_700"
          },
          {
            "group": "Montserrat",
            "label": "MontserratLight",
            "value": "Google_Montserrat_400"
          },
          {
            "group": "Montserrat",
            "label": "Montserrat",
            "value": "Google_Montserrat_500"
          },
          {
            "group": "Karla",
            "label": "Karla",
            "value": "Google_Karla_400"
          },
          {
            "group": "Roboto",
            "label": "Roboto",
            "value": "Google_Roboto_400"
          },
          {
            "group": "SourceSansPro",
            "label": "SourceSansPro",
            "value": "Google_Source+Sans+Pro_400"
          },
          {
            "group": "Volkhov",
            "label": "Volkhov",
            "value": "Google_Volkhov_400"
          }
        ]
      },
      {
        "type": "color",
        "label": "ButtonTextColor",
        "id": "optimizedCheckout-buttonPrimary-color"
      },
      {
        "type": "color",
        "label": "ButtonTextHoverColor",
        "id": "optimizedCheckout-buttonPrimary-colorHover"
      },
      {
        "type": "color",
        "label": "ButtonTextActiveColor",
        "id": "optimizedCheckout-buttonPrimary-colorActive"
      },
      {
        "type": "color",
        "label": "ButtonTextDisabledColor",
        "id": "optimizedCheckout-buttonPrimary-colorDisabled"
      },
      {
        "type": "color",
        "label": "ButtonBackground",
        "id": "optimizedCheckout-buttonPrimary-backgroundColor"
      },
      {
        "type": "color",
        "label": "ButtonBackgroundHover",
        "id": "optimizedCheckout-buttonPrimary-backgroundColorHover"
      },
      {
        "type": "color",
        "label": "ButtonBackgroundActive",
        "id": "optimizedCheckout-buttonPrimary-backgroundColorActive"
      },
      {
        "type": "color",
        "label": "ButtonBackgroundDisabled",
        "id": "optimizedCheckout-buttonPrimary-backgroundColorDisabled"
      },
      {
        "type": "color",
        "label": "ButtonBorder",
        "id": "optimizedCheckout-buttonPrimary-borderColor"
      },
      {
        "type": "color",
        "label": "ButtonBorderHover",
        "id": "optimizedCheckout-buttonPrimary-borderColorHover"
      },
      {
        "type": "color",
        "label": "ButtonBorderActive",
        "id": "optimizedCheckout-buttonPrimary-borderColorActive"
      },
      {
        "type": "color",
        "label": "ButtonBorderDisabled",
        "id": "optimizedCheckout-buttonPrimary-borderColorDisabled"
      },
      {
        "type": "heading",
        "content": "SecondaryActionButton"
      },
      {
        "type": "font",
        "label": "ButtonTextFontFamily",
        "id": "optimizedCheckout-buttonSecondary-font",
        "options": [
          {
            "group": "OpenSans",
            "label": "OpenSans",
            "value": "Google_Open+Sans_400"
          },
          {
            "group": "OpenSans",
            "label": "OpenSansBold",
            "value": "Google_Open+Sans_700"
          },
          {
            "group": "Montserrat",
            "label": "MontserratLight",
            "value": "Google_Montserrat_400"
          },
          {
            "group": "Montserrat",
            "label": "Montserrat",
            "value": "Google_Montserrat_500"
          },
          {
            "group": "Karla",
            "label": "Karla",
            "value": "Google_Karla_400"
          },
          {
            "group": "Roboto",
            "label": "Roboto",
            "value": "Google_Roboto_400"
          },
          {
            "group": "SourceSansPro",
            "label": "SourceSansPro",
            "value": "Google_Source+Sans+Pro_400"
          },
          {
            "group": "Volkhov",
            "label": "Volkhov",
            "value": "Google_Volkhov_400"
          }
        ]
      },
      {
        "type": "color",
        "label": "ButtonTextColor",
        "id": "optimizedCheckout-buttonSecondary-color"
      },
      {
        "type": "color",
        "label": "ButtonTextHoverColor",
        "id": "optimizedCheckout-buttonSecondary-colorHover"
      },
      {
        "type": "color",
        "label": "ButtonTextActiveColor",
        "id": "optimizedCheckout-buttonSecondary-colorActive"
      },
      {
        "type": "color",
        "label": "ButtonBackground",
        "id": "optimizedCheckout-buttonSecondary-backgroundColor"
      },
      {
        "type": "color",
        "label": "ButtonBackgroundHover",
        "id": "optimizedCheckout-buttonSecondary-backgroundColorHover"
      },
      {
        "type": "color",
        "label": "ButtonBackgroundActive",
        "id": "optimizedCheckout-buttonSecondary-backgroundColorActive"
      },
      {
        "type": "color",
        "label": "ButtonBorder",
        "id": "optimizedCheckout-buttonSecondary-borderColor"
      },
      {
        "type": "color",
        "label": "ButtonBorderHover",
        "id": "optimizedCheckout-buttonSecondary-borderColorHover"
      },
      {
        "type": "color",
        "label": "ButtonBorderActive",
        "id": "optimizedCheckout-buttonSecondary-borderColorActive"
      },
      {
        "type": "heading",
        "content": "FormInputFields1"
      },
      {
        "type": "color",
        "label": "LabelTextColor",
        "id": "optimizedCheckout-form-textColor"
      },
      {
        "type": "color",
        "label": "FieldTextColor",
        "id": "optimizedCheckout-formField-textColor"
      },
      {
        "type": "color",
        "label": "FieldPlaceholderTextColor",
        "id": "optimizedCheckout-formField-placeholderColor"
      },
      {
        "type": "color",
        "label": "FieldErrorTextColor",
        "id": "optimizedCheckout-formField-errorColor"
      },
      {
        "type": "color",
        "label": "FieldBackground",
        "id": "optimizedCheckout-formField-backgroundColor"
      },
      {
        "type": "color",
        "label": "FieldInnerShadow",
        "id": "optimizedCheckout-formField-shadowColor"
      },
      {
        "type": "color",
        "label": "FieldBorder",
        "id": "optimizedCheckout-formField-borderColor"
      },
      {
        "type": "color",
        "label": "CheckboxButtonBackground",
        "id": "optimizedCheckout-formField-inputControlColor"
      },
      {
        "type": "heading",
        "content": "FormChecklist"
      },
      {
        "type": "color",
        "label": "BackgroundColor",
        "id": "optimizedCheckout-formChecklist-backgroundColor"
      },
      {
        "type": "color",
        "label": "FormBackground",
        "id": "optimizedCheckout-formChecklist-backgroundColorSelected"
      },
      {
        "type": "color",
        "label": "FormHeaderTextColor",
        "id": "optimizedCheckout-formChecklist-color"
      },
      {
        "type": "color",
        "label": "FormBorderColor",
        "id": "optimizedCheckout-formChecklist-borderColor"
      },
      {
        "type": "heading",
        "content": "LoadingToaster"
      },
      {
        "type": "color",
        "label": "ToasterBackground",
        "id": "optimizedCheckout-loadingToaster-backgroundColor"
      },
      {
        "type": "color",
        "label": "ToasterTextColor",
        "id": "optimizedCheckout-loadingToaster-textColor"
      }
    ]
  },
  {
    "name": "PaymentButtons",
    "enable": "smartButtons",
    "settings": [
      {
        "type": "heading",
        "content": "PaymentButtonsContainer"
      },
      {
        "type": "select",
        "label": "ButtonContainer",
        "force_reload": true,
        "id": "paymentbuttons-container",
        "options": [
          {
            "value": "small",
            "label": "Small"
          },
          {
            "value": "medium",
            "label": "Medium"
          },
          {
            "value": "large",
            "label": "Large"
          }
        ]
      },
      {
        "type": "heading",
        "content": "QuickPaymentButtons"
      },
      {
        "type": "select",
        "label": "NumberOfButtonsAlwaysVisible",
        "force_reload": true,
        "id": "paymentbuttons-number-of-buttons",
        "options": [
          {
            "value": 1,
            "label": "1"
          },
          {
            "value": 2,
            "label": "2"
          }
        ]
      },
      {
        "type": "sort",
        "label": "ProviderSortingOrderLabel",
        "id": "paymentbuttons-provider-sorting",
        "force_reload": true,
        "options": [
          {
            "value": "paypal",
            "label": "PayPalProviderSortingLabel",
            "enabledBy": "paypal"
          },
          {
            "value": "paypal-credit",
            "label": "PayPalCreditProviderSortingLabel",
            "enabledBy": "paypal-credit"
          },
          {
            "value": "paypal-venmo",
            "label": "PayPalVenmoProviderSortingLabel",
            "enabledBy": "paypal-venmo"
          },
          {
            "value": "sepa",
            "label": "PayPalSepaProviderSortingLabel",
            "enabledBy": "sepa"
          },
          {
            "value": "googlepay",
            "label": "GooglepayProviderSortingLabel",
            "enabledBy": "googlepay"
          },
          {
            "value": "applepay",
            "label": "ApplepayProviderSortingLabel",
            "enabledBy": "applepay"
          },
          {
            "value": "afterpay",
            "label": "AfterpayProviderSortingLabel",
            "enabledBy": "afterpay"
          },
          {
            "value": "amazonpay",
            "label": "AmazonProviderSortingLabel",
            "enabledBy": "amazonpay"
          },
          {
            "value": "masterpass",
            "label": "MasterpassProviderSortingLabel",
            "enabledBy": "masterpass"
          }
        ]
      },
      {
        "type": "heading",
        "content": "PaypalAcceleratedCheckoutButton",
        "enable": "payPalAcceleratedCheckoutEnabled"
      },
      {
        "type": "color",
        "label": "ButtonColor",
        "id": "paymentbuttons-paypal-accelerated-checkout-color",
        "enable": "payPalAcceleratedCheckoutEnabled"
      },
      {
        "type": "color",
        "label": "ContentColor",
        "id": "paymentbuttons-paypal-accelerated-content-color",
        "enable": "payPalAcceleratedCheckoutEnabled"
      },
      {
        "type": "select",
        "label": "ButtonContent",
        "id": "paymentbuttons-paypal-accelerated-content-label",
        "enable": "payPalAcceleratedCheckoutEnabled",
        "options": [
          {
            "value": "buy",
            "label": "Buy"
          },
          {
            "value": "checkout",
            "label": "Checkout"
          },
          {
            "value": "pay",
            "label": "Pay"
          },
          {
            "value": "buynow",
            "label": "BuyNow"
          },
          {
            "value": "paynow",
            "label": "PayNow"
          },
          {
            "value": "checkoutnow",
            "label": "CheckoutNow"
          },
          {
            "value": "proceedtocheckout",
            "label": "ProceedToCheckout"
          }
        ]
      },
      {
        "type": "color",
        "label": "BorderColor",
        "id": "paymentbuttons-paypal-accelerated-border-color",
        "enable": "payPalAcceleratedCheckoutEnabled"
      },
      {
        "type": "heading",
        "content": "SmartPaypalButton",
        "enable": "payPalProvidersEnabled"
      },
      {
        "type": "select",
        "label": "ButtonColor",
        "id": "paymentbuttons-paypal-color",
        "enable": "payPalProvidersEnabled",
        "force_reload": true,
        "options": [
          {
            "value": "gold",
            "label": "Gold"
          },
          {
            "value": "blue",
            "label": "Blue"
          },
          {
            "value": "silver",
            "label": "Silver"
          },
          {
            "value": "black",
            "label": "Black"
          },
          {
            "value": "white",
            "label": "White"
          }
        ]
      },
      {
        "type": "select",
        "label": "ButtonShape",
        "id": "paymentbuttons-paypal-shape",
        "enable": "payPalProvidersEnabled",
        "force_reload": true,
        "options": [
          {
            "value": "pill",
            "label": "Pill"
          },
          {
            "value": "rect",
            "label": "Rectangle"
          }
        ]
      },
      {
        "type": "select",
        "label": "ButtonContent",
        "id": "paymentbuttons-paypal-label",
        "enable": "payPalProvidersEnabled",
        "force_reload": true,
        "options": [
          {
            "value": "checkout",
            "label": "PayPalCheckout"
          },
          {
            "value": "pay",
            "label": "PayWithPayPal"
          },
          {
            "value": "buynow",
            "label": "BuyNow"
          },
          {
            "value": "paypal",
            "label": "PayPal"
          }
        ]
      },
      {
        "type": "heading",
        "content": "CheckoutPayPalButton",
        "enable": "payPalProvidersEnabled"
      },
      {
        "type": "select",
        "label": "ButtonColor",
        "id": "checkout-paymentbuttons-paypal-color",
        "enable": "payPalProvidersEnabled",
        "force_reload": true,
        "options": [
          {
            "value": "gold",
            "label": "Gold"
          },
          {
            "value": "blue",
            "label": "Blue"
          },
          {
            "value": "silver",
            "label": "Silver"
          },
          {
            "value": "black",
            "label": "Black"
          },
          {
            "value": "white",
            "label": "White"
          }
        ]
      },
      {
        "type": "select",
        "label": "ButtonShape",
        "id": "checkout-paymentbuttons-paypal-shape",
        "enable": "payPalProvidersEnabled",
        "force_reload": true,
        "options": [
          {
            "value": "pill",
            "label": "Pill"
          },
          {
            "value": "rect",
            "label": "Rectangle"
          }
        ]
      },
      {
        "type": "select",
        "label": "ButtonSize",
        "id": "checkout-paymentbuttons-paypal-size",
        "enable": "payPalProvidersEnabled",
        "force_reload": true,
        "options": [
          {
            "value": "small",
            "label": "Small"
          },
          {
            "value": "medium",
            "label": "Medium"
          },
          {
            "value": "large",
            "label": "Large"
          }
        ]
      },
      {
        "type": "select",
        "label": "ButtonContent",
        "id": "checkout-paymentbuttons-paypal-label",
        "enable": "payPalProvidersEnabled",
        "force_reload": true,
        "options": [
          {
            "value": "checkout",
            "label": "PayPalCheckout"
          },
          {
            "value": "pay",
            "label": "PayWithPayPal"
          },
          {
            "value": "buynow",
            "label": "BuyNow"
          },
          {
            "value": "paypal",
            "label": "PayPal"
          }
        ]
      },
      {
        "type": "heading",
        "content": "GooglePaySettings",
        "enable": "googleProvidersEnabled"
      },
      {
        "type": "select",
        "label": "ButtonColor",
        "id": "googlepay-button-color",
        "enable": "googleProvidersEnabled",
        "options": [
          {
            "value": "black",
            "label": "BlackWhiteText"
          },
          {
            "value": "white",
            "label": "WhiteBlackText"
          }
        ]
      },
      {
        "type": "heading",
        "content": "ApplePaySettings",
        "enable": "appleProvidersEnabled"
      },
      {
        "type": "select",
        "label": "ButtonColor",
        "id": "applePay-button",
        "enable": "appleProvidersEnabled",
        "options": [
          {
            "value": "black",
            "label": "BlackWhiteText"
          },
          {
            "value": "white",
            "label": "WhiteBlackText"
          },
          {
            "value": "white-border",
            "label": "WhiteBlackTextWithBorder"
          }
        ]
      },
      {
        "type": "heading",
        "content": "AfterPaySettings",
        "enable": "afterpayProvidersEnabled"
      },
      {
        "type": "select",
        "label": "ButtonColor",
        "id": "afterpay-button-color",
        "enable": "afterpayProvidersEnabled",
        "options": [
          {
            "value": "black-mint",
            "label": "BlackOnMintText"
          },
          {
            "value": "mint-black",
            "label": "MintOnBlackText"
          },
          {
            "value": "white",
            "label": "BlackWhiteText"
          },
          {
            "value": "black",
            "label": "WhiteBlackText"
          }
        ]
      },
      {
        "type": "heading",
        "content": "AmazonSettings",
        "enable": "amazonProvidersEnabled"
      },
      {
        "type": "select",
        "label": "ButtonColor",
        "id": "amazon-button-color",
        "enable": "amazonProvidersEnabled",
        "options": [
          {
            "value": "Gold",
            "label": "Gold"
          },
          {
            "value": "LightGray",
            "label": "LightGray"
          },
          {
            "value": "DarkGray",
            "label": "DarkGray"
          }
        ]
      },
      {
        "type": "heading",
        "content": "MasterpassSettings",
        "enable": "masterpassProvidersEnabled"
      },
      {
        "type": "select",
        "label": "ButtonColor",
        "id": "masterpass-button-color",
        "enable": "masterpassProvidersEnabled",
        "options": [
          {
            "value": "black",
            "label": "BlackWhiteText"
          },
          {
            "value": "white",
            "label": "WhiteBlackText"
          }
        ]
      }
    ]
  },
  {
    "name": "PaymentBanners",
    "enable": "paymentBanners",
    "settings": [
      {
        "type": "paragraph",
        "content": "BannersMessaging"
      },
      {
        "type": "heading",
        "content": "ProductPageBanner"
      },
      {
        "type": "select",
        "label": "BannerStyleColor",
        "id": "paymentbanners-proddetailspage-color",
        "force_reload": true,
        "options": [
          {
            "value": "blue",
            "label": "Blue"
          },
          {
            "value": "black",
            "label": "Black"
          },
          {
            "value": "white",
            "label": "White"
          },
          {
            "value": "white-no-border",
            "label": "White-no-border"
          },
          {
            "value": "gray",
            "label": "gray"
          },
          {
            "value": "monochrome",
            "label": "monochrome"
          },
          {
            "value": "grayscale",
            "label": "grayscale"
          }
        ]
      },
      {
        "type": "select",
        "label": "BannerStyleRatio",
        "id": "paymentbanners-proddetailspage-ratio",
        "force_reload": true,
        "options": [
          {
            "value": "8x1",
            "label": "8x1"
          },
          {
            "value": "20x1",
            "label": "20x1"
          }
        ]
      },
      {
        "type": "heading",
        "content": "HomePageBanner"
      },
      {
        "type": "select",
        "label": "BannerStyleColor",
        "id": "paymentbanners-homepage-color",
        "force_reload": true,
        "options": [
          {
            "value": "blue",
            "label": "Blue"
          },
          {
            "value": "black",
            "label": "Black"
          },
          {
            "value": "white",
            "label": "White"
          },
          {
            "value": "white-no-border",
            "label": "White-no-border"
          },
          {
            "value": "gray",
            "label": "gray"
          },
          {
            "value": "monochrome",
            "label": "monochrome"
          },
          {
            "value": "grayscale",
            "label": "grayscale"
          }
        ]
      },
      {
        "type": "select",
        "label": "BannerStyleRatio",
        "id": "paymentbanners-homepage-ratio",
        "force_reload": true,
        "options": [
          {
            "value": "8x1",
            "label": "8x1"
          },
          {
            "value": "20x1",
            "label": "20x1"
          }
        ]
      },
      {
        "type": "heading",
        "content": "CartPageBanner"
      },
      {
        "type": "select",
        "label": "BannerTextStyleColor",
        "id": "paymentbanners-cartpage-text-color",
        "force_reload": true,
        "options": [
          {
            "value": "black",
            "label": "Black"
          },
          {
            "value": "white",
            "label": "White"
          },
          {
            "value": "monochrome",
            "label": "monochrome"
          },
          {
            "value": "grayscale",
            "label": "grayscale"
          }
        ]
      },
      {
        "type": "select",
        "label": "BannerStyleLogoPosition",
        "id": "paymentbanners-cartpage-logo-position",
        "force_reload": true,
        "options": [
          {
            "value": "left",
            "label": "left"
          },
          {
            "value": "right",
            "label": "right"
          },
          {
            "value": "top",
            "label": "top"
          }
        ]
      },
      {
        "type": "select",
        "label": "BannerStyleLogoType",
        "id": "paymentbanners-cartpage-logo-type",
        "force_reload": true,
        "options": [
          {
            "value": "inline",
            "label": "inline"
          },
          {
            "value": "primary",
            "label": "primary"
          },
          {
            "value": "alternative",
            "label": "alternative"
          },
          {
            "value": "none",
            "label": "none"
          }
        ]
      }
    ]
  }
]